<?xml version="1.0" encoding="UTF-8"?>
<con:config xmlns:con="http://www.sourceid.org/2004/05/config">
    <con:map name="partnerSP"/>
    <con:map name="IDPconnection"/>
    <con:map name="https://sptest.iamshowcase.com/acs"/>
    <con:map name="BAEtest"/>
    <con:map name="evaluation">
        <con:item name="qwae0ka6e1oiywrl1vznrf5fn">SP</con:item>
    </con:map>
    <con:map name="evaluation2">
        <con:item name="149tfxo2y7chc9y4gnitk22tv">SP</con:item>
        <con:item name="mr5ekxode5zqdo33u93beg882">SP</con:item>
    </con:map>
    <con:map name="https://dc.plinkko.com"/>
    <con:map name="IIS"/>
    <con:map name="IAMshowcase"/>
    <con:map name="https://sptest.iamshowcase.com/acs/kerberos"/>
</con:config>