<?xml version="1.0" encoding="UTF-8"?>
<urn:PluginConfiguration isInheritExtendedContractAttributes="false" name="psswdvalidator" xmlns:urn="urn:sourceid.org:saml2:adapter:conf">
    <urn:Fields/>
    <urn:AdvancedFields/>
    <urn:Tables>
        <urn:Table name="Users">
            <urn:Row defaultRow="false">
                <urn:Field name="Username">jill</urn:Field>
                <urn:Field name="Password">AHlSTJI2vmaEQWa6qtgmUEKK06zF1Xwk6HDR-eWi4Zk.GF8tjGLW.2</urn:Field>
                <urn:Field name="Confirm Password">LKsK7xZbpq8tAVJ703VdbeVPjWsQX4WQ9_XHA0TPJfM.us12C3GI.2</urn:Field>
                <urn:Field name="Relax Password Requirements">true</urn:Field>
            </urn:Row>
        </urn:Table>
    </urn:Tables>
</urn:PluginConfiguration>