<?xml version="1.0" encoding="UTF-8"?>
<config xmlns="http://www.sourceid.org/2004/05/config">
    <!--Dsig keystore information: name and password-->
    <item name="DsigKeystoreName">ping-dsig.jks</item>
    <item name="DsigKeystorePassword">eyJhbGciOiJkaXIiLCJlbmMiOiJBMTI4Q0JDLUhTMjU2Iiwia2lkIjoiUWVzOVR5eTV5WiIsInZlcnNpb24iOiI5LjIuMS4xIn0..iZWCuWqRtlQELRONKJZccw.B4862MmwUdkytXZVjTwfDkbRWVHieA1mdyUVumcZWHc.Ueh8neSIR34H123m0gUAbw</item>
    <!--Do not modify-->
    <item name="DsigKeystoreType2">default</item>
    <!--Map of Dsig keystore aliases to passwords; the system uses this map
     to open private keys for generating signatures, X509
     authentication, etc. For each item, the name of the item maps
     to the alias of a private key, and the value of the item is the
     password to that particular key.-->
    <map name="DsigPrivateKeyPasswords">
        <item name="sdndquvzn9pl3iuf0159q14gi">eyJhbGciOiJkaXIiLCJlbmMiOiJBMTI4Q0JDLUhTMjU2Iiwia2lkIjoiUWVzOVR5eTV5WiIsInZlcnNpb24iOiIxMC4yLjAuMTMifQ..EEqY9-OTVEf221O4Bcv6Jw.eRWwYtxiEUyawsW9EDiCXwh-obez1fCtxayj_RP517c.CUMoR-iZPrPdIPA6awXKqA</item>
        <item name="bd0f9a19yrz92qlyp6rqdd3ed">eyJhbGciOiJkaXIiLCJlbmMiOiJBMTI4Q0JDLUhTMjU2Iiwia2lkIjoiUWVzOVR5eTV5WiIsInZlcnNpb24iOiIxMC4yLjAuMTMifQ..yEFPZpYEgFZPwDhXNj3OKQ.kV5pc3qbsN0tFq9pvyKPB_v7tmDquvGc2Yzhc-4kHJE.9DKyDhAEfPxfJKqAJM9CBg</item>
    </map>
    <!--DSIG HSM Keystore information: name and password-->
    <item name="DsigHSMKeystoreName">ping-dsig.hsmks</item>
    <item name="DsigHSMKeystorePassword"/>
    <item name="DsigHSMKeystoreType2">default</item>
    <!--Map of Dsig keystore aliases to passwords; the system uses this map
     to open private keys for generating signatures, X509
     authentication, etc. For each item, the name of the item maps
     to the alias of a private key and the value of the item is the
     password to that particular key-->
    <map name="DsigHSMPrivateKeyPasswords"/>
    <!--SSL Keystore information: name and password-->
    <item name="SslKeystoreName">ping-ssl.jks</item>
    <item name="SslKeystorePassword">eyJhbGciOiJkaXIiLCJlbmMiOiJBMTI4Q0JDLUhTMjU2Iiwia2lkIjoiUWVzOVR5eTV5WiIsInZlcnNpb24iOiIxMC4yLjAuMTMifQ..yjOaX_oUfkOfCfMoYNwJPg.leVhgA_8yidaUelseLDpHA2YtFNFrjgMVrdxBG2xIzI.6qh7qwLaY2gPcXHkzbWMnw</item>
    <!--Do not modify-->
    <item name="SslKeystoreType2">default</item>
    <!--Map of SSL client auth keystore aliases to passwords; the system uses this map
     to open private keys for generating signatures, X509
     authentication, etc. For each item, the name of the item maps
     to the alias of a private key and the value of the item is the
     password to that particular key-->
    <map name="SslPrivateKeyPasswords">
        <item name="x3l3kaga2iii5wvrbs3qjl3nn">eyJhbGciOiJkaXIiLCJlbmMiOiJBMTI4Q0JDLUhTMjU2Iiwia2lkIjoiUWVzOVR5eTV5WiIsInZlcnNpb24iOiIxMC4yLjAuMTMifQ..P4AlmyDZFYzrWZv_Fn1o-g.U-0U_8BLi82QxoTON8KV8Fbfl79oDZNA72qVftSZOMc.AI2AiFHG0kV7pEJ1CnY1YQ</item>
        <item name="6wj19sdt3at5gobts98t6ot0a">eyJhbGciOiJkaXIiLCJlbmMiOiJBMTI4Q0JDLUhTMjU2Iiwia2lkIjoiUWVzOVR5eTV5WiIsInZlcnNpb24iOiIxMC4yLjAuMTMifQ..j8uvOPjdXcZRTkPvhKEttQ.TbxwL41JNmd785nQFuupme0AUDdiRDHQluLYpdKaC3I.i67r1YDFFtjeeP3StATGxA</item>
        <item name="byxrbzses79xnvk7qvl9w8s2o">eyJhbGciOiJkaXIiLCJlbmMiOiJBMTI4Q0JDLUhTMjU2Iiwia2lkIjoiUWVzOVR5eTV5WiIsInZlcnNpb24iOiIxMC4yLjAuMTMifQ..BMl9JvaftEFK96Pi8y27YQ.kKepNiepWNhK_TMGZVPXpGnvzLBilDnxm2DLlBOoStw.dCXcxskVmuBc-R0zJy6yTw</item>
    </map>
    <!--SSL HSM Keystore information: name and password-->
    <item name="SslHSMKeystoreName">ping-ssl.hsmks</item>
    <item name="SslHSMKeystorePassword"/>
    <!--Do not modify-->
    <item name="SslHSMKeystoreType2">default</item>
    <!--Map of SSL client auth keystore aliases to passwords; the system uses this map
     to open private keys for generating signatures, X509
     authentication, etc. For each item, the name of the item maps
     to the alias of a private key and the value of the item is the
     password to that particular key-->
    <map name="SslHSMPrivateKeyPasswords"/>
    <!--SSL Server Keystore information: name and password-->
    <item name="SslServerKeystoreName">ping-ssl-server.jks</item>
    <item name="SslServerKeystorePassword">eyJhbGciOiJkaXIiLCJlbmMiOiJBMTI4Q0JDLUhTMjU2Iiwia2lkIjoiUWVzOVR5eTV5WiIsInZlcnNpb24iOiI5LjIuMS4xIn0..Z3J6HwQoBZGWoy6LzKR20g.7NOsImwpupJsLAazXP2TI2c9cSjzBYFXiKOHwig9w9c.vEdsqHYucOvf2CX7sr3MDQ</item>
    <!--Do not modify-->
    <item name="SslServerKeystoreType2">default</item>
    <!--Map of SSL Server keystore aliases to passwords; the system uses this map
         to open private keys for generating signatures, X509
         authentication, etc. For each item, the name of the item maps
         to the alias of a private key and the value of the item is the
         password to that particular key-->
    <map name="SslServerPrivateKeyPasswords">
        <item name="vtcm75en83g6v1r87ytm7lihi">eyJhbGciOiJkaXIiLCJlbmMiOiJBMTI4Q0JDLUhTMjU2Iiwia2lkIjoiUWVzOVR5eTV5WiIsInZlcnNpb24iOiI5LjIuMS4xIn0..q5SNjNZ8GzcbMiAgNvIPMA.o08oe4lvJupvnusn1Igxb4voYG7sQ6NvC5YLRNxC46M.47YH19lW8wvMoGUHMITBJA</item>
        <item name="2bytg2xlagm73yi3e1k03g3wf">eyJhbGciOiJkaXIiLCJlbmMiOiJBMTI4Q0JDLUhTMjU2Iiwia2lkIjoiUWVzOVR5eTV5WiIsInZlcnNpb24iOiIxMC4yLjAuMTMifQ..7bf6ietYwb9jOfToNZuZrQ.hnMGjTp0UNgNFWGfiIvdSSmtC9gOazM6FQOZ3UOGGgg.gAgX-DST0WwUs1cif4ufLQ</item>
        <item name="xy1ikjzanyoy08bcbw74khe9q">eyJhbGciOiJkaXIiLCJlbmMiOiJBMTI4Q0JDLUhTMjU2Iiwia2lkIjoiUWVzOVR5eTV5WiIsInZlcnNpb24iOiIxMC4yLjAuMTMifQ..Bq_T1_wXYU_87PMcfxvuNA.y0ioXb6DJcrYPmKmITkdSGksEn5uJhKns5QE3uw3a8Q.d25G6ZQx5w97JETJmdz7VA</item>
        <item name="6cv3eokljbkog9xpitnvy7bsd">eyJhbGciOiJkaXIiLCJlbmMiOiJBMTI4Q0JDLUhTMjU2Iiwia2lkIjoiUWVzOVR5eTV5WiIsInZlcnNpb24iOiIxMC4yLjAuMTMifQ..LMRWWuiZ4caq7d9OJDT7NA.Qbk_38qtIeUG2dmU_13Kh8bwkrmFOty-E0BEXf3SHQk.ipCEbJ1N1tzfm40AplWknA</item>
        <item name="peyyjs92h9zedcp873qdrf16b">eyJhbGciOiJkaXIiLCJlbmMiOiJBMTI4Q0JDLUhTMjU2Iiwia2lkIjoiUWVzOVR5eTV5WiIsInZlcnNpb24iOiIxMC4yLjAuMTMifQ..N-NpfOY9fqsysTSWeLU6-Q.iArU1toy7rhVd1DoWxzVe3amVjrobofWBA85SbIPksk.uG8IhXBz9dN0MLduzaWTMQ</item>
    </map>
    <!--SSL HSM Server Keystore information: name and password-->
    <item name="SslServerHSMKeystoreName">ping-ssl-server.hsmks</item>
    <item name="SslServerHSMKeystorePassword"/>
    <!--Do not modify-->
    <item name="SslServerHSMKeystoreType2">default</item>
    <!--Map of SSL Server keystore aliases to passwords; the system uses this map
         to open private keys for generating signatures, X509
         authentication, etc. For each item, the name of the item maps
         to the alias of a private key and the value of the item is the
         password to that particular key-->
    <map name="SslServerHSMPrivateKeyPasswords"/>
    <!--Truststore Keystore information: name and password-->
    <item name="TrustKeystoreName">ping-trust.jks</item>
    <item name="TrustKeystorePassword">eyJhbGciOiJkaXIiLCJlbmMiOiJBMTI4Q0JDLUhTMjU2Iiwia2lkIjoiUWVzOVR5eTV5WiIsInZlcnNpb24iOiI5LjIuMS4xIn0..HEjedfg5sxkJnPTE6mG2ig.CZ9cDjUs8h1Y7eGrBbwMKEjPeiRf0MJY3dqwjrdPwtg.TPCEc0TXmwzXFMhEZ0ngGw</item>
    <!--You can specify a key store type here. Available keystore types are
          JKS     - Java Keystore
          nCipher.sworld - nCipher keystore
          default - let the system select a keystore type for you. For Luna HSM 6, JKS is used.
                    For nCipher, nCipher.sworld is used. Otherwise, JKS is used-->
    <item name="TrustKeystoreType2">default</item>
    <!--Truststore HSM Keystore information: name and password-->
    <item name="TrustHSMKeystoreName">ping-trust.hsmks</item>
    <item name="TrustHSMKeystorePassword"/>
    <!--You can specify a key store type here. Available keystore types are
          JKS     - Java Keystore
          nCipher.sworld - nCipher keystore
          default - let the system select a keystore type for you. For Luna HSM 6, JKS is used.
                    For nCipher, nCipher.sworld is used. Otherwise, JKS is used-->
    <item name="TrustHSMKeystoreType2">default</item>
    <!--General keystore information: name and password-->
    <item name="GeneralKeystoreName">ping-general.jks</item>
    <item name="GeneralKeystorePassword"/>
    <!--Do not modify-->
    <item name="GeneralKeystoreType2">default</item>
    <!--Map of General keystore aliases to passwords; the system uses this map
     to open private keys for generating signatures, X509
     authentication, etc. For each item, the name of the item maps
     to the alias of a private key, and the value of the item is the
     password to that particular key.-->
    <map name="GeneralPrivateKeyPasswords"/>
    <!--General HSM keystore information: name and password-->
    <item name="GeneralHSMKeystoreName">ping-general.hsmks</item>
    <item name="GeneralHSMKeystorePassword"/>
    <!--Do not modify-->
    <item name="GeneralHSMKeystoreType2">default</item>
    <!--Map of General keystore aliases to passwords; the system uses this map
     to open private keys for generating signatures, X509
     authentication, etc. For each item, the name of the item maps
     to the alias of a private key, and the value of the item is the
     password to that particular key.-->
    <map name="GeneralHSMPrivateKeyPasswords"/>
</config>