<?xml version="1.0" encoding="UTF-8"?>
<md:EntityDescriptor entityID="evaluation" urn:name="BAEtest" ID="EvaE2BqsXPY-wejp3_SLsz0.T6l" urn:LogLevel="STANDARD" urn:isActive="true" xmlns:md="urn:oasis:names:tc:SAML:2.0:metadata" xmlns:urn="urn:sourceid.org:saml2:metadata-extension:v2">
    <md:Extensions>
        <urn:EntityExtension PFVersion="10.2.0.13" LicenseGroup="">
            <urn:DigitialSignatureAliases/>
            <urn:Encryption>
                <urn:EncryptionPolicy EncryptionAlgorithm="http://www.w3.org/2001/04/xmlenc#aes128-cbc" KeyTransportAlgorithm="http://www.w3.org/2001/04/xmlenc#rsa-oaep-mgf1p" EncryptAssertion="false" EncryptSubjectNameID="false" SLOEncryptSubjectNameID="false"/>
                <urn:DecryptionPolicy AssertionEncrypted="false" SubjectNameIDEncrypted="false" AttributeEncrypted="false" SLOSubjectNameIDEncrypted="false"/>
            </urn:Encryption>
            <urn:ConnectionTemplateProperties/>
            <urn:MetadataUrlId xsi:nil="true" xmlns:xsi="http://www.w3.org/2001/XMLSchema-instance"/>
            <urn:enableAutoMetadataUpdate>false</urn:enableAutoMetadataUpdate>
            <urn:alwaysSignArtifactResponse>false</urn:alwaysSignArtifactResponse>
            <urn:AdditionalAllowedEntitiesConfiguration>
                <urn:AllowAdditionalEntities>false</urn:AllowAdditionalEntities>
                <urn:AllowAllEntities>false</urn:AllowAllEntities>
                <urn:AdditionalAllowedEntities/>
            </urn:AdditionalAllowedEntitiesConfiguration>
        </urn:EntityExtension>
    </md:Extensions>
    <md:AttributeAuthorityDescriptor protocolSupportEnumeration="urn:oasis:names:tc:SAML:2.0:protocol">
        <md:Extensions>
            <urn:RoleExtension LastModified="2021-02-18T14:58:31.454Z">
                <urn:IDP>
                    <urn:TargetAttributeMapping RestrictVirtualServerIds="false">
                        <urn:AttributeMap Name="username" Type="Assertion" Value="SubjectAltName"/>
                        <urn:TokenAuthorizationIssuanceCriteria/>
                    </urn:TargetAttributeMapping>
                    <urn:AttributeQueryPolicy SignAttributeQuery="false" EncryptNameID="false" RequireSignedResponse="false" RequireSignedAssertion="false" RequireEncryptedAssertion="false" maskAttributeValues="false"/>
                </urn:IDP>
            </urn:RoleExtension>
        </md:Extensions>
        <md:AttributeService Binding="urn:oasis:names:tc:SAML:2.0:bindings:SOAP" Location="https://macpf.plinkko.com:9032/idp/attrsvc.ssaml2"/>
    </md:AttributeAuthorityDescriptor>
    <md:RoleDescriptor protocolSupportEnumeration="urn:oasis:names:tc:SAML:2.0:protocol" xsi:type="urn:PFAvailableCertsRoleDescriptorType" xmlns:xsi="http://www.w3.org/2001/XMLSchema-instance"/>
    <md:ContactPerson contactType="administrative"/>
</md:EntityDescriptor>