<?xml version="1.0" encoding="UTF-8"?>
<md:EntityDescriptor entityID="evaluation" urn:name="evalBAE" ID="L28o2q3F8MWpjGqoHdA0KGKdr8P" urn:LogLevel="STANDARD" urn:isActive="true" xmlns:md="urn:oasis:names:tc:SAML:2.0:metadata" xmlns:urn="urn:sourceid.org:saml2:metadata-extension:v2">
    <md:Extensions>
        <urn:EntityExtension PFVersion="10.2.0.13" LicenseGroup="">
            <urn:DigitialSignatureAliases/>
            <urn:Encryption>
                <urn:EncryptionPolicy EncryptionAlgorithm="http://www.w3.org/2001/04/xmlenc#aes128-cbc" KeyTransportAlgorithm="http://www.w3.org/2001/04/xmlenc#rsa-oaep-mgf1p" EncryptAssertion="false" EncryptSubjectNameID="false" SLOEncryptSubjectNameID="false"/>
                <urn:DecryptionPolicy AssertionEncrypted="false" SubjectNameIDEncrypted="false" AttributeEncrypted="false" SLOSubjectNameIDEncrypted="false"/>
            </urn:Encryption>
            <urn:ConnectionTemplateProperties/>
            <urn:MetadataUrlId xsi:nil="true" xmlns:xsi="http://www.w3.org/2001/XMLSchema-instance"/>
            <urn:enableAutoMetadataUpdate>false</urn:enableAutoMetadataUpdate>
            <urn:alwaysSignArtifactResponse>false</urn:alwaysSignArtifactResponse>
            <urn:AdditionalAllowedEntitiesConfiguration>
                <urn:AllowAdditionalEntities>false</urn:AllowAdditionalEntities>
                <urn:AllowAllEntities>false</urn:AllowAllEntities>
                <urn:AdditionalAllowedEntities/>
            </urn:AdditionalAllowedEntitiesConfiguration>
        </urn:EntityExtension>
    </md:Extensions>
    <md:RoleDescriptor protocolSupportEnumeration="urn:oasis:names:tc:SAML:2.0:protocol" xsi:type="urn:AttributeQueryDescriptorType" xmlns:urn="urn:oasis:names:tc:SAML:metadata:ext:query" xmlns:xsi="http://www.w3.org/2001/XMLSchema-instance">
        <md:Extensions>
            <urn1:RoleExtension LastModified="2021-03-04T18:13:56.366Z" xmlns:urn1="urn:sourceid.org:saml2:metadata-extension:v2">
                <urn1:SP>
                    <urn1:AdapterToAssertionMapping>
                        <urn1:DefaultAttributeMapping>
                            <urn1:AttributeMap Name="RFC822Name" Type="LDAP" AttributeSourceId="AD" Value="userPrincipalName"/>
                            <urn1:AttributeMap Name="email" Type="LDAP" AttributeSourceId="AD" Value="mail"/>
                            <urn1:AttributeSource Id="AD" Description="PlilnkkoAD" Type="LDAP" DataSourceId="LDAP-2BCBE93812F6E0D46BD3052E63F557E7309EF1BF">
                                <urn1:Parameter Name="filter" Value="sAMAccountName=${SAML_SUBJECT}"/>
                                <urn1:Parameter Name="search_base" Value="dc=plinkko, dc=com"/>
                                <urn1:Parameter Name="search_scope" Value="SUBTREE_SCOPE"/>
                                <urn1:Parameter Name="memberof_nested_group" Value="false"/>
                            </urn1:AttributeSource>
                            <urn1:TokenAuthorizationIssuanceCriteria/>
                        </urn1:DefaultAttributeMapping>
                    </urn1:AdapterToAssertionMapping>
                    <urn1:AttributeServicePolicy SignResponse="false" SignAssertion="false" EncryptAssertion="false" RequireSignedAttributeQuery="false" RequireEncryptedNameId="false"/>
                </urn1:SP>
            </urn1:RoleExtension>
        </md:Extensions>
        <md:AttributeConsumingService index="0">
            <md:ServiceName xml:lang="en">AttributeFilterList</md:ServiceName>
            <md:RequestedAttribute Name="RFC822Name" NameFormat="urn:oasis:names:tc:SAML:2.0:attrname-format:basic"/>
            <md:RequestedAttribute Name="email" NameFormat="urn:oasis:names:tc:SAML:2.0:attrname-format:basic"/>
        </md:AttributeConsumingService>
    </md:RoleDescriptor>
    <md:RoleDescriptor protocolSupportEnumeration="urn:oasis:names:tc:SAML:2.0:protocol" xsi:type="urn:PFAvailableCertsRoleDescriptorType" xmlns:xsi="http://www.w3.org/2001/XMLSchema-instance"/>
    <md:ContactPerson contactType="administrative"/>
</md:EntityDescriptor>