<?xml version="1.0" encoding="UTF-8"?>
<urn:PluginConfiguration isInheritExtendedContractAttributes="false" name="UserPass" xmlns:urn="urn:sourceid.org:saml2:adapter:conf">
    <urn:Fields/>
    <urn:AdvancedFields/>
    <urn:Tables>
        <urn:Table name="Users">
            <urn:Row defaultRow="false">
                <urn:Field name="Username">joe</urn:Field>
                <urn:Field name="Password">6lj3KgqpqjVTB81k8DxIh0SW7Ex0w4EdlCa_30FETPA.izZdrGDX.2</urn:Field>
                <urn:Field name="Confirm Password">LYhUPfNQe01IOZwcl67ONz5gago8wYztUHwdQyqoF90.lcTvdO2A.2</urn:Field>
                <urn:Field name="Relax Password Requirements">false</urn:Field>
            </urn:Row>
            <urn:Row defaultRow="false">
                <urn:Field name="Username">sarah</urn:Field>
                <urn:Field name="Password">Qm9IrAGpdgqRnOKV06LhhhYt3jvPpCTsrofixt2YCoQ.cYKVZ0kW.2</urn:Field>
                <urn:Field name="Confirm Password">sQoVW1o2tw7jfLKZx1FXAsWi-jQZlBn7pZZdOf9j_-k.xdS_KDMu.2</urn:Field>
                <urn:Field name="Relax Password Requirements">false</urn:Field>
            </urn:Row>
            <urn:Row defaultRow="false">
                <urn:Field name="Username">scott</urn:Field>
                <urn:Field name="Password">Duavd1_l-d6p2zi_WV7AqJoqT0av4MH7Iq7QN-y153M.2scLIiHH.2</urn:Field>
                <urn:Field name="Confirm Password">zRm00E06jXhLd6EOg39VqHFabrCnb8JVtiPev0iQRwQ.yur00QMC.2</urn:Field>
                <urn:Field name="Relax Password Requirements">false</urn:Field>
            </urn:Row>
        </urn:Table>
    </urn:Tables>
</urn:PluginConfiguration>