<?xml version="1.0" encoding="UTF-8"?>
<md:EntityDescriptor entityID="https://pingtest.filecloudonline.com/" urn:name="FileCloud" ID="cc3KYodTTyX8tVO7cy7F5jK_C00" urn:LogLevel="STANDARD" urn:isActive="true" xmlns:md="urn:oasis:names:tc:SAML:2.0:metadata" xmlns:urn="urn:sourceid.org:saml2:metadata-extension:v2">
    <md:Extensions>
        <urn:EntityExtension PFVersion="10.2.0.13" LicenseGroup="">
            <urn:DigitialSignatureAliases SigningKeyAlias="sdndquvzn9pl3iuf0159q14gi" includeX509inXmlSig="false" includeRawKeyInXmlSig="false" SigningAlgorithm="http://www.w3.org/2001/04/xmldsig-more#rsa-sha256"/>
            <urn:Encryption>
                <urn:EncryptionPolicy EncryptionAlgorithm="http://www.w3.org/2001/04/xmlenc#aes128-cbc" KeyTransportAlgorithm="http://www.w3.org/2001/04/xmlenc#rsa-oaep-mgf1p" EncryptAssertion="false" EncryptSubjectNameID="false" SLOEncryptSubjectNameID="false"/>
                <urn:DecryptionPolicy AssertionEncrypted="false" SubjectNameIDEncrypted="false" AttributeEncrypted="false" SLOSubjectNameIDEncrypted="false"/>
            </urn:Encryption>
            <urn:ConnectionTemplateProperties/>
            <urn:MetadataUrlId xsi:nil="true" xmlns:xsi="http://www.w3.org/2001/XMLSchema-instance"/>
            <urn:enableAutoMetadataUpdate>false</urn:enableAutoMetadataUpdate>
            <urn:alwaysSignArtifactResponse>false</urn:alwaysSignArtifactResponse>
            <urn:AdditionalAllowedEntitiesConfiguration>
                <urn:AllowAdditionalEntities>false</urn:AllowAdditionalEntities>
                <urn:AllowAllEntities>false</urn:AllowAllEntities>
                <urn:AdditionalAllowedEntities/>
            </urn:AdditionalAllowedEntitiesConfiguration>
        </urn:EntityExtension>
    </md:Extensions>
    <md:SPSSODescriptor protocolSupportEnumeration="urn:oasis:names:tc:SAML:2.0:protocol" AuthnRequestsSigned="false" WantAssertionsSigned="false" SignResponseAsRequired="true">
        <md:Extensions>
            <urn:RoleExtension ArtifactTimeoutSeconds="60" LastModified="2021-06-02T17:54:30.518Z">
                <urn:IncomingBindings Artifact="true" POST="true" Redirect="true" SOAP="true"/>
                <urn:EnabledProfiles IDPInitiatedSSO="true" IDPInitiatedSLO="false" SPInitiatedSSO="false" SPInitiatedSLO="false"/>
                <urn:SP AssertionValidityAfterMinutes="5" AssertionValidityBeforeMinutes="5" ConnectionTargetType="Standard" EnableCDCDuringSSO="false">
                    <urn:AdapterToAssertionMapping AbortIfNotFoundInAnyDataSources="false" RestrictVirtualServerIds="false" AdapterInstanceId="X509IDHttpspingtestfilecloudonl">
                        <urn:AttributeMapping>
                            <urn:AttributeMap Name="given name" Type="LDAP" Value="givenName"/>
                            <urn:AttributeMap Name="sn" Type="LDAP" Value="sn"/>
                            <urn:AttributeMap Name="SAML_SUBJECT" Type="LDAP" Value="uid"/>
                            <urn:AttributeMap Name="email" Type="LDAP" Value="mail"/>
                            <urn:AttributeSource Description="plinkko.com" Type="LDAP" DataSourceId="LDAP-2BCBE93812F6E0D46BD3052E63F557E7309EF1BF">
                                <urn:Parameter Name="filter" Value="userPrincipalName=${SubjectAltName}"/>
                                <urn:Parameter Name="search_base" Value="dc=plinkko, dc=com"/>
                                <urn:Parameter Name="search_scope" Value="SUBTREE_SCOPE"/>
                                <urn:Parameter Name="memberof_nested_group" Value="false"/>
                            </urn:AttributeSource>
                            <urn:TokenAuthorizationIssuanceCriteria/>
                        </urn:AttributeMapping>
                        <urn:DefaultAttributeMapping>
                            <urn:AttributeMap Name="given name" Type="No Mapping" Value="NO_MAPPING"/>
                            <urn:AttributeMap Name="sn" Type="No Mapping" Value="NO_MAPPING"/>
                            <urn:AttributeMap Name="SAML_SUBJECT" Type="Adapter" Value="SubjectAltName"/>
                            <urn:AttributeMap Name="email" Type="Adapter" Value="email"/>
                            <urn:TokenAuthorizationIssuanceCriteria/>
                        </urn:DefaultAttributeMapping>
                        <urn:AdapterConfiguration authnCtxClassRef="" isInheritAttributeSettings="false" isInheritAttributeMapping="false" maskOgnlValues="false" uniqueUserKeyField="pf_none" isInheritExtendedContractAttributes="false" name="CertReq (with override)" parentId="x509ID">
                            <urn1:Fields xmlns:urn1="urn:sourceid.org:saml2:adapter:conf"/>
                            <urn1:AdvancedFields xmlns:urn1="urn:sourceid.org:saml2:adapter:conf"/>
                            <urn1:Tables xmlns:urn1="urn:sourceid.org:saml2:adapter:conf"/>
                            <urn1:ExtendedContractAttributes xmlns:urn1="urn:sourceid.org:saml2:adapter:conf">
                                <urn1:AttributeName>SubjectAltName</urn1:AttributeName>
                            </urn1:ExtendedContractAttributes>
                            <urn1:UniqueKeyField xmlns:urn1="urn:sourceid.org:saml2:adapter:conf">email</urn1:UniqueKeyField>
                            <urn1:AttributeMapping xmlns:urn1="urn:sourceid.org:saml2:adapter:conf">
                                <urn:AttributeMap Name="IssuerDN" Type="Adapter" Value="IssuerDN"/>
                                <urn:AttributeMap Name="SerialNumber" Type="Adapter" Value="SerialNumber"/>
                                <urn:AttributeMap Name="SubjectAltName" Type="Adapter" Value="SubjectAltName"/>
                                <urn:AttributeMap Name="SubjectDN" Type="Adapter" Value="SubjectDN"/>
                                <urn:AttributeMap Name="email" Type="LDAP" AttributeSourceId="AD" Value="mail"/>
                                <urn:AttributeMap Name="ClientCertificateChain" Type="Adapter" Value="ClientCertificateChain"/>
                                <urn:AttributeSource Id="AD" Description="PlilnkkoAD" Type="LDAP" DataSourceId="LDAP-2BCBE93812F6E0D46BD3052E63F557E7309EF1BF">
                                    <urn:Parameter Name="filter" Value="userPrincipalName=${SubjectAltName}"/>
                                    <urn:Parameter Name="search_base" Value="dc=plinkko, dc=com"/>
                                    <urn:Parameter Name="search_scope" Value="SUBTREE_SCOPE"/>
                                    <urn:Parameter Name="memberof_nested_group" Value="false"/>
                                </urn:AttributeSource>
                                <urn:TokenAuthorizationIssuanceCriteria/>
                            </urn1:AttributeMapping>
                        </urn:AdapterConfiguration>
                    </urn:AdapterToAssertionMapping>
                    <urn:C2cContractToAssertionMapping AbortIfNotFoundInAnyDataSources="false" RestrictVirtualServerIds="false" C2cContractId="ng61uubfqEKLGdV4" C2cContractName="FileCloudContract">
                        <urn:AttributeMapping>
                            <urn:AttributeMap Name="given name" Type="LDAP" Value="givenName"/>
                            <urn:AttributeMap Name="sn" Type="LDAP" Value="sn"/>
                            <urn:AttributeMap Name="SAML_SUBJECT" Type="LDAP" Value="uid"/>
                            <urn:AttributeMap Name="email" Type="LDAP" Value="mail"/>
                            <urn:AttributeSource Description="PlilnkkoAD" Type="LDAP" DataSourceId="LDAP-2BCBE93812F6E0D46BD3052E63F557E7309EF1BF">
                                <urn:Parameter Name="filter" Value="userPrincipalName=${subject}"/>
                                <urn:Parameter Name="search_base" Value="dc=plinkko, dc=com"/>
                                <urn:Parameter Name="search_scope" Value="SUBTREE_SCOPE"/>
                                <urn:Parameter Name="memberof_nested_group" Value="false"/>
                            </urn:AttributeSource>
                            <urn:TokenAuthorizationIssuanceCriteria/>
                        </urn:AttributeMapping>
                        <urn:DefaultAttributeMapping>
                            <urn:AttributeMap Name="given name" Type="Authentication Policy Contract" Value="given name"/>
                            <urn:AttributeMap Name="sn" Type="Authentication Policy Contract" Value="sn"/>
                            <urn:AttributeMap Name="SAML_SUBJECT" Type="Authentication Policy Contract" Value="subject"/>
                            <urn:AttributeMap Name="email" Type="Authentication Policy Contract" Value="mail"/>
                            <urn:TokenAuthorizationIssuanceCriteria/>
                        </urn:DefaultAttributeMapping>
                    </urn:C2cContractToAssertionMapping>
                    <urn:NameIdentifierMappingType IncludeAdditionalAttributes="false" IncludeAdditionalTransientAttributes="false"/>
                </urn:SP>
            </urn:RoleExtension>
        </md:Extensions>
        <md:NameIDFormat>urn:oasis:names:tc:SAML:1.1:nameid-format:X509SubjectName</md:NameIDFormat>
        <md:AssertionConsumerService index="0" Location="https://pingtest.filecloudonline.com/" Binding="urn:oasis:names:tc:SAML:2.0:bindings:HTTP-POST" isDefault="true"/>
        <md:AttributeConsumingService index="0">
            <md:ServiceName xml:lang="en">AttributeContract</md:ServiceName>
            <md:RequestedAttribute Name="given name" NameFormat="urn:oasis:names:tc:SAML:2.0:attrname-format:basic"/>
            <md:RequestedAttribute Name="sn" NameFormat="urn:oasis:names:tc:SAML:2.0:attrname-format:basic"/>
            <md:RequestedAttribute Name="email" NameFormat="urn:oasis:names:tc:SAML:2.0:attrname-format:basic"/>
        </md:AttributeConsumingService>
    </md:SPSSODescriptor>
    <md:RoleDescriptor protocolSupportEnumeration="urn:oasis:names:tc:SAML:2.0:protocol" xsi:type="urn:PFAvailableCertsRoleDescriptorType" xmlns:xsi="http://www.w3.org/2001/XMLSchema-instance"/>
    <md:ContactPerson contactType="administrative"/>
</md:EntityDescriptor>