<?xml version="1.0" encoding="UTF-8"?>
<urn:AdapterConfiguration authnCtxClassRef="" isInheritAttributeSettings="false" isInheritAttributeMapping="false" maskOgnlValues="false" uniqueUserKeyField="pf_none" isInheritExtendedContractAttributes="false" name="CertReqFileCloud" xmlns:urn="urn:sourceid.org:saml2:adapter:conf">
    <urn:Fields>
        <urn:Field name="Client Auth Port">9032</urn:Field>
        <urn:Field name="Client Auth Hostname"/>
        <urn:Field name="Parse Client Cert Subject and Issuer DNs">true</urn:Field>
        <urn:Field name="Match Issuer DN in Client X.509 certificate">false</urn:Field>
        <urn:Field name="Return Success On SLO">true</urn:Field>
        <urn:Field name="Authentication Context">Default</urn:Field>
        <urn:Field name="Custom Authentication Context"/>
        <urn:Field name="Include Subject Alternative Name (SAN)">true</urn:Field>
    </urn:Fields>
    <urn:AdvancedFields>
        <urn:Field name="Return Success On SLO">true</urn:Field>
        <urn:Field name="Authentication Context">Default</urn:Field>
        <urn:Field name="Custom Authentication Context"/>
        <urn:Field name="Include Subject Alternative Name (SAN)">true</urn:Field>
    </urn:AdvancedFields>
    <urn:Tables>
        <urn:Table name="Constrain Acceptable Root Issuers">
            <urn:Row defaultRow="false">
                <urn:Field name="Issuer DN">CN=plinkkoDC, DC=plinkko, DC=com</urn:Field>
            </urn:Row>
        </urn:Table>
    </urn:Tables>
    <urn:ExtendedContractAttributes>
        <urn:AttributeName>uid</urn:AttributeName>
        <urn:AttributeName>mail</urn:AttributeName>
        <urn:AttributeName>givenName</urn:AttributeName>
        <urn:AttributeName>sn</urn:AttributeName>
    </urn:ExtendedContractAttributes>
    <urn:UniqueKeyField>SubjectDN</urn:UniqueKeyField>
    <urn:AttributeMapping>
        <urn1:AttributeMap Name="uid" Type="Adapter" Value="uid" xmlns:urn1="urn:sourceid.org:saml2:metadata-extension:v2"/>
        <urn1:AttributeMap Name="IssuerDN" Type="Adapter" Value="IssuerDN" xmlns:urn1="urn:sourceid.org:saml2:metadata-extension:v2"/>
        <urn1:AttributeMap Name="mail" Type="Adapter" Value="mail" xmlns:urn1="urn:sourceid.org:saml2:metadata-extension:v2"/>
        <urn1:AttributeMap Name="SerialNumber" Type="Adapter" Value="SerialNumber" xmlns:urn1="urn:sourceid.org:saml2:metadata-extension:v2"/>
        <urn1:AttributeMap Name="givenName" Type="Adapter" Value="givenName" xmlns:urn1="urn:sourceid.org:saml2:metadata-extension:v2"/>
        <urn1:AttributeMap Name="sn" Type="Adapter" Value="sn" xmlns:urn1="urn:sourceid.org:saml2:metadata-extension:v2"/>
        <urn1:AttributeMap Name="SubjectDN" Type="Adapter" Value="SubjectDN" xmlns:urn1="urn:sourceid.org:saml2:metadata-extension:v2"/>
        <urn1:AttributeMap Name="email" Type="Adapter" Value="email" xmlns:urn1="urn:sourceid.org:saml2:metadata-extension:v2"/>
        <urn1:AttributeMap Name="ClientCertificateChain" Type="Adapter" Value="ClientCertificateChain" xmlns:urn1="urn:sourceid.org:saml2:metadata-extension:v2"/>
        <urn1:AttributeSource Id="AD" Description="PlilnkkoAD" Type="LDAP" DataSourceId="LDAP-2BCBE93812F6E0D46BD3052E63F557E7309EF1BF" xmlns:urn1="urn:sourceid.org:saml2:metadata-extension:v2">
            <urn1:Parameter Name="filter" Value="mail=${email}"/>
            <urn1:Parameter Name="search_base" Value="dc=plinkko, dc=com"/>
            <urn1:Parameter Name="search_scope" Value="SUBTREE_SCOPE"/>
            <urn1:Parameter Name="memberof_nested_group" Value="false"/>
        </urn1:AttributeSource>
        <urn1:TokenAuthorizationIssuanceCriteria xmlns:urn1="urn:sourceid.org:saml2:metadata-extension:v2"/>
    </urn:AttributeMapping>
</urn:AdapterConfiguration>