<?xml version="1.0" encoding="UTF-8"?>
<urn:OAuthConfig enableOAuth="true" authzCodeLength="30" authzCodeTimeout="60" rollRefreshTokens="false" rollingInterval="0" refreshTokenLength="42" atmIdForOAuthGrantManagement="" scopeForOAuthGrantManagement="" globalPersistentGrantExpirationTime="-1" globalPersistentGrantExpirationTimeUnit="d" globalPersistentGrantIdleTimeout="30" globalPersistentGrantIdleTimeoutTimeUnit="d" tokenEndpointBaseUrl="" userAuthzUrl="" registeredAuthzPath="" pendingAuthzTimeout="600" bypassActivationCodeConfirmation="false" devicePollingInterval="5" authzConsentSetting="" externalConsentAdapterId="" returnedScopeAttributeName="" parTimeout="60" parRefLength="24" parStatus="ENABLED" xmlns:urn="urn:pingidentity.com:pf:oauth:conf">
    <urn:UserKeyToAccessTokenMapping contextId="urn:ietf:params:oauth:grant-type:token-exchange|AccessTokenProcessorPolicy" tokenManagerId="jwt">
        <urn1:AttributeMap Name="Username" Type="Processor Policy" Value="tepp.subject" xmlns:urn1="urn:sourceid.org:saml2:metadata-extension:v2"/>
        <urn1:AttributeMap Name="OrgName" Type="Text" Value="Ping Identity Corporation" xmlns:urn1="urn:sourceid.org:saml2:metadata-extension:v2"/>
        <urn1:TokenAuthorizationIssuanceCriteria xmlns:urn1="urn:sourceid.org:saml2:metadata-extension:v2"/>
    </urn:UserKeyToAccessTokenMapping>
    <urn:UserKeyToAccessTokenMapping contextId="authz_req|apc.YHsDDoUJ2TBKrb5v" tokenManagerId="jwt">
        <urn1:AttributeMap Name="Username" Type="Authentication Policy Contract" Value="apc.email" xmlns:urn1="urn:sourceid.org:saml2:metadata-extension:v2"/>
        <urn1:AttributeMap Name="OrgName" Type="Text" Value="notta" xmlns:urn1="urn:sourceid.org:saml2:metadata-extension:v2"/>
        <urn1:TokenAuthorizationIssuanceCriteria xmlns:urn1="urn:sourceid.org:saml2:metadata-extension:v2"/>
    </urn:UserKeyToAccessTokenMapping>
    <urn:UserKeyToAccessTokenMapping contextId="authz_req|PaQuickStartHtmlForm" tokenManagerId="PaAtm">
        <urn1:AttributeMap Name="username" Type="Adapter" Value="adapter.username" xmlns:urn1="urn:sourceid.org:saml2:metadata-extension:v2"/>
        <urn1:TokenAuthorizationIssuanceCriteria xmlns:urn1="urn:sourceid.org:saml2:metadata-extension:v2"/>
    </urn:UserKeyToAccessTokenMapping>
    <urn:UserKeyToAccessTokenMapping contextId="default" tokenManagerId="jwt">
        <urn1:AttributeMap Name="Username" Type="Persistent Grant" Value="USER_KEY" xmlns:urn1="urn:sourceid.org:saml2:metadata-extension:v2"/>
        <urn1:AttributeMap Name="OrgName" Type="Text" Value="Ping Identity Corporation" xmlns:urn1="urn:sourceid.org:saml2:metadata-extension:v2"/>
        <urn1:TokenAuthorizationIssuanceCriteria xmlns:urn1="urn:sourceid.org:saml2:metadata-extension:v2"/>
    </urn:UserKeyToAccessTokenMapping>
    <urn:UserKeyToAccessTokenMapping contextId="authz_req|apc.30mpwXTepXBzfWpK" tokenManagerId="jwt">
        <urn1:AttributeMap Name="Username" Type="Authentication Policy Contract" Value="apc.subject" xmlns:urn1="urn:sourceid.org:saml2:metadata-extension:v2"/>
        <urn1:AttributeMap Name="OrgName" Type="Text" Value="nunya" xmlns:urn1="urn:sourceid.org:saml2:metadata-extension:v2"/>
        <urn1:TokenAuthorizationIssuanceCriteria xmlns:urn1="urn:sourceid.org:saml2:metadata-extension:v2"/>
    </urn:UserKeyToAccessTokenMapping>
    <urn:UserKeyToAccessTokenMapping contextId="default" tokenManagerId="ref">
        <urn1:AttributeMap Name="Username" Type="Persistent Grant" Value="USER_KEY" xmlns:urn1="urn:sourceid.org:saml2:metadata-extension:v2"/>
        <urn1:AttributeMap Name="OrgName" Type="Text" Value="Ping Identity Corporation" xmlns:urn1="urn:sourceid.org:saml2:metadata-extension:v2"/>
        <urn1:TokenAuthorizationIssuanceCriteria xmlns:urn1="urn:sourceid.org:saml2:metadata-extension:v2"/>
    </urn:UserKeyToAccessTokenMapping>
    <urn:AdapterToUserKeyMapping sourcePluginId="HTMLFormSimplePCV">
        <urn1:AttributeMap Name="USER_NAME" Type="Adapter" Value="username" xmlns:urn1="urn:sourceid.org:saml2:metadata-extension:v2"/>
        <urn1:AttributeMap Name="USER_KEY" Type="Adapter" Value="username" xmlns:urn1="urn:sourceid.org:saml2:metadata-extension:v2"/>
        <urn1:TokenAuthorizationIssuanceCriteria xmlns:urn1="urn:sourceid.org:saml2:metadata-extension:v2"/>
    </urn:AdapterToUserKeyMapping>
    <urn:AdapterToUserKeyMapping sourcePluginId="PaQuickStartHtmlForm">
        <urn1:AttributeMap Name="USER_NAME" Type="Adapter" Value="username" xmlns:urn1="urn:sourceid.org:saml2:metadata-extension:v2"/>
        <urn1:AttributeMap Name="USER_KEY" Type="Adapter" Value="username" xmlns:urn1="urn:sourceid.org:saml2:metadata-extension:v2"/>
        <urn1:TokenAuthorizationIssuanceCriteria xmlns:urn1="urn:sourceid.org:saml2:metadata-extension:v2"/>
    </urn:AdapterToUserKeyMapping>
    <urn:PasswordCredentialValidatorToUserKeyMapping sourcePluginId="UserPass">
        <urn1:AttributeMap Name="USER_KEY" Type="Password Credential Validator" Value="username" xmlns:urn1="urn:sourceid.org:saml2:metadata-extension:v2"/>
        <urn1:TokenAuthorizationIssuanceCriteria xmlns:urn1="urn:sourceid.org:saml2:metadata-extension:v2"/>
    </urn:PasswordCredentialValidatorToUserKeyMapping>
    <urn:ApcToUserKeyMapping sourcePluginId="30mpwXTepXBzfWpK">
        <urn1:AttributeMap Name="USER_NAME" Type="Authentication Policy Contract" Value="subject" xmlns:urn1="urn:sourceid.org:saml2:metadata-extension:v2"/>
        <urn1:AttributeMap Name="USER_KEY" Type="Authentication Policy Contract" Value="subject" xmlns:urn1="urn:sourceid.org:saml2:metadata-extension:v2"/>
        <urn1:TokenAuthorizationIssuanceCriteria xmlns:urn1="urn:sourceid.org:saml2:metadata-extension:v2"/>
    </urn:ApcToUserKeyMapping>
    <urn:ApcToUserKeyMapping sourcePluginId="YHsDDoUJ2TBKrb5v">
        <urn1:AttributeMap Name="USER_NAME" Type="Authentication Policy Contract" Value="email" xmlns:urn1="urn:sourceid.org:saml2:metadata-extension:v2"/>
        <urn1:AttributeMap Name="USER_KEY" Type="Authentication Policy Contract" Value="email" xmlns:urn1="urn:sourceid.org:saml2:metadata-extension:v2"/>
        <urn1:TokenAuthorizationIssuanceCriteria xmlns:urn1="urn:sourceid.org:saml2:metadata-extension:v2"/>
    </urn:ApcToUserKeyMapping>
    <urn:ReuseExistingPersistentGrantForGrant>implicit</urn:ReuseExistingPersistentGrantForGrant>
    <urn:allowedOrigins>https://localhost:3000</urn:allowedOrigins>
    <urn:allowedOrigins>https://dcentos.plinkko.com:3000</urn:allowedOrigins>
</urn:OAuthConfig>