<?xml version="1.0" encoding="UTF-8"?>
<urn:PluginConfiguration isInheritExtendedContractAttributes="false" name="PA QuickStart PCV" xmlns:urn="urn:sourceid.org:saml2:adapter:conf">
    <urn:Fields/>
    <urn:AdvancedFields/>
    <urn:Tables>
        <urn:Table name="Users">
            <urn:Row defaultRow="false">
                <urn:Field name="Username">alice</urn:Field>
                <urn:Field name="Password">o8dlV9HfTpf6K49oWtlPBLXR4ChY4pgXEQwCtVZFHNw.vT9KEpHT.2</urn:Field>
                <urn:Field name="Confirm Password">T3Y8yCaeqnT6d4WswIZFsIFeA40wCDWHQIaxul8cu3s.HbYlTgNx.2</urn:Field>
                <urn:Field name="Relax Password Requirements">false</urn:Field>
            </urn:Row>
            <urn:Row defaultRow="false">
                <urn:Field name="Username">bob</urn:Field>
                <urn:Field name="Password">J9Jk_iPhiBXu1yGK4cyK-bpvFJjqiuSnw4OL7nWJm6s.ufhDtmFW.2</urn:Field>
                <urn:Field name="Confirm Password">cSL2fSWxCQiKskR1TL7jbBZ7H6Oqvq90hAPo4rWK1hA._ciVTWxA.2</urn:Field>
                <urn:Field name="Relax Password Requirements">false</urn:Field>
            </urn:Row>
            <urn:Row defaultRow="false">
                <urn:Field name="Username">carol</urn:Field>
                <urn:Field name="Password">vXFjUTZCWg8mO3Z40eFZeET8wNQPLrngebuHpxhOF2Q.r_4HQ903.2</urn:Field>
                <urn:Field name="Confirm Password">2WiSHTcwVaexb9ZoSKdEXiihDS8E_fhHtflOZaVSrPI.OI8AOPpg.2</urn:Field>
                <urn:Field name="Relax Password Requirements">false</urn:Field>
            </urn:Row>
            <urn:Row defaultRow="false">
                <urn:Field name="Username">erik</urn:Field>
                <urn:Field name="Password">IB1NpnZQ5SQ-7GMmIt-fSOo2GAzxWJCctjnlRY9xoDU.O7aVdV4j.2</urn:Field>
                <urn:Field name="Confirm Password">ZNUSmc-11CGRFK3XAMRFTHiOu7Wc9FJOGTfpHHu9xqc._qNIFaYP.2</urn:Field>
                <urn:Field name="Relax Password Requirements">false</urn:Field>
            </urn:Row>
            <urn:Row defaultRow="false">
                <urn:Field name="Username">josh</urn:Field>
                <urn:Field name="Password">cCa8pCPlDZPGkLj_gIjcnogWojl0EzagGnsF6oA89hA.RzF2hXML.2</urn:Field>
                <urn:Field name="Confirm Password">HOiU_tKYPIhzvh1WHgN9od5qaLUPbZcVhlOcMc8V2IM.enHhh9DB.2</urn:Field>
                <urn:Field name="Relax Password Requirements">false</urn:Field>
            </urn:Row>
        </urn:Table>
    </urn:Tables>
</urn:PluginConfiguration>