<?xml version="1.0" encoding="UTF-8"?>
<con:config xmlns:con="http://www.sourceid.org/2004/05/config">
    <con:map name="bearer-access-token-management-plugin-sequence">
        <con:item name="AToken">753905</con:item>
        <con:item name="jwt">1248713</con:item>
        <con:item name="ref">1119065</con:item>
        <con:item name="PaAtm">1086480</con:item>
    </con:map>
    <con:map name="bearer-access-token-management-plugins">
        <con:item name="AToken">org.sourceid.oauth20.token.plugin.impl.ReferenceBearerAccessTokenManagementPlugin</con:item>
        <con:item name="jwt">com.pingidentity.pf.access.token.management.plugins.JwtBearerAccessTokenManagementPlugin</con:item>
        <con:item name="ref">org.sourceid.oauth20.token.plugin.impl.ReferenceBearerAccessTokenManagementPlugin</con:item>
        <con:item name="PaAtm">org.sourceid.oauth20.token.plugin.impl.ReferenceBearerAccessTokenManagementPlugin</con:item>
    </con:map>
    <con:item name="bearer-access-token-management-plugins-default">AToken</con:item>
</con:config>