<?xml version="1.0" encoding="UTF-8"?>
<con:config xmlns:con="http://www.sourceid.org/2004/05/config">
    <con:item name="AutoCreateCertOnEngineNode">true</con:item>
    <con:list name="ActiveServerAliases">
        <con:ListItem>2bytg2xlagm73yi3e1k03g3wf</con:ListItem>
    </con:list>
    <con:list name="ActiveAdminServerAliases">
        <con:ListItem>2bytg2xlagm73yi3e1k03g3wf</con:ListItem>
    </con:list>
    <con:item name="DefaultActiveServerAlias">2bytg2xlagm73yi3e1k03g3wf</con:item>
    <con:item name="DefaultActiveAdminServerAlias">2bytg2xlagm73yi3e1k03g3wf</con:item>
</con:config>