<?xml version="1.0" encoding="UTF-8"?>
<con:config xmlns:con="http://www.sourceid.org/2004/05/config">
    <con:map name="IdpAuthnAdapterInstances">
        <con:item name="11">com.pingidentity.adapters.htmlform.idp.HtmlFormIdpAuthnAdapter</con:item>
        <con:item name="x509ID">com.pingidentity.adapters.idp.clientcert.ClientCertIdpAuthnAdapter</con:item>
        <con:item name="HTMLFormSimplePCV">com.pingidentity.adapters.htmlform.idp.HtmlFormIdpAuthnAdapter</con:item>
        <con:item name="kerb">com.pingidentity.adapters.kerberos.idp.KerberosAuthenticationAdapter</con:item>
        <con:item name="PaQuickStartHtmlForm">com.pingidentity.adapters.htmlform.idp.HtmlFormIdpAuthnAdapter</con:item>
        <con:item name="4">com.pingidentity.adapters.idp.clientcert.ClientCertIdpAuthnAdapter</con:item>
        <con:item name="ADHTMLAdapter">com.pingidentity.adapters.htmlform.idp.HtmlFormIdpAuthnAdapter</con:item>
    </con:map>
    <con:map name="SpAuthnAdapterInstances">
        <con:item name="partnerSPadpt">com.pingidentity.adapters.opentoken.SpAuthnAdapter</con:item>
        <con:item name="IISopenToken">com.pingidentity.adapters.opentoken.SpAuthnAdapter</con:item>
    </con:map>
</con:config>