<?xml version="1.0" encoding="UTF-8"?>
<urn:AuthnSelectionConfig lastModifiedMillis="1622730661552" enableAuthnSelection="true" enableSpAuthnSelection="false" failIfNoSelection="false" xmlns:urn="urn:pingidentity.com:pf:authn-selection">
    <urn:AuthnSelectionTrees>
        <urn:AuthnSelectionTree treeName="FileCloudPolicy" disabled="false" authnApiApp="">
            <urn:AstRoot context="">
                <urn:AstAction authnSelectorId="FileCloudSelector" xsi:type="urn:AuthnSelectorActionType" xmlns:xsi="http://www.w3.org/2001/XMLSchema-instance"/>
                <urn:AstChild context="No">
                    <urn:AstAction noOpType="CONTINUE" xsi:type="urn:NoOpActionType" xmlns:xsi="http://www.w3.org/2001/XMLSchema-instance"/>
                </urn:AstChild>
                <urn:AstChild context="Yes">
                    <urn:AstAction xsi:type="urn:AuthnSourceActionType" xmlns:xsi="http://www.w3.org/2001/XMLSchema-instance">
                        <urn:AuthnSourceKey type="ADAPTER">ADHTMLAdapter</urn:AuthnSourceKey>
                        <urn:fallbackToSuccess>true</urn:fallbackToSuccess>
                        <urn:userIdAuthenticated>false</urn:userIdAuthenticated>
                    </urn:AstAction>
                    <urn:AstChild context="Fail">
                        <urn:AstAction noOpType="DONE" xsi:type="urn:NoOpActionType" xmlns:xsi="http://www.w3.org/2001/XMLSchema-instance"/>
                    </urn:AstChild>
                    <urn:AstChild context="Success">
                        <urn:AstAction apcId="YHsDDoUJ2TBKrb5v" xsi:type="urn:ApcMappingActionType" xmlns:xsi="http://www.w3.org/2001/XMLSchema-instance">
                            <urn:AttributeMapping>
                                <urn1:AttributeMap Name="subject" Type="Adapter" AttributeSourceId="ADHTMLAdapter" Value="username" xmlns:urn1="urn:sourceid.org:saml2:metadata-extension:v2"/>
                                <urn1:AttributeMap Name="email" Type="Text" Value="pmanning@plinkko.com" xmlns:urn1="urn:sourceid.org:saml2:metadata-extension:v2"/>
                                <urn1:TokenAuthorizationIssuanceCriteria xmlns:urn1="urn:sourceid.org:saml2:metadata-extension:v2"/>
                            </urn:AttributeMapping>
                        </urn:AstAction>
                    </urn:AstChild>
                </urn:AstChild>
            </urn:AstRoot>
        </urn:AuthnSelectionTree>
        <urn:AuthnSelectionTree treeName="Policy1" disabled="true" authnApiApp="">
            <urn:AstRoot context="">
                <urn:AstAction authnSelectorId="ExtendProp" xsi:type="urn:AuthnSelectorActionType" xmlns:xsi="http://www.w3.org/2001/XMLSchema-instance"/>
                <urn:AstChild context="HTML">
                    <urn:AstAction xsi:type="urn:AuthnSourceActionType" xmlns:xsi="http://www.w3.org/2001/XMLSchema-instance">
                        <urn:AuthnSourceKey type="ADAPTER">HTMLFormSimplePCV</urn:AuthnSourceKey>
                        <urn:fallbackToSuccess>true</urn:fallbackToSuccess>
                        <urn:userIdAuthenticated>false</urn:userIdAuthenticated>
                    </urn:AstAction>
                    <urn:AstChild context="Fail">
                        <urn:AstAction noOpType="DONE" xsi:type="urn:NoOpActionType" xmlns:xsi="http://www.w3.org/2001/XMLSchema-instance"/>
                    </urn:AstChild>
                    <urn:AstChild context="Success">
                        <urn:AstAction apcId="YHsDDoUJ2TBKrb5v" xsi:type="urn:ApcMappingActionType" xmlns:xsi="http://www.w3.org/2001/XMLSchema-instance">
                            <urn:AttributeMapping>
                                <urn1:AttributeMap Name="subject" Type="Adapter" AttributeSourceId="HTMLFormSimplePCV" Value="username" xmlns:urn1="urn:sourceid.org:saml2:metadata-extension:v2"/>
                                <urn1:AttributeMap Name="email" Type="LDAP" AttributeSourceId="AD" Value="mail" xmlns:urn1="urn:sourceid.org:saml2:metadata-extension:v2"/>
                                <urn1:AttributeSource Id="AD" Description="PlilnkkoAD" Type="LDAP" DataSourceId="LDAP-2BCBE93812F6E0D46BD3052E63F557E7309EF1BF" xmlns:urn1="urn:sourceid.org:saml2:metadata-extension:v2">
                                    <urn1:Parameter Name="filter" Value="sAMacccountName=${ad.HTMLFormSimplePCV.username}"/>
                                    <urn1:Parameter Name="search_base" Value="dc=plinkko, dc=com"/>
                                    <urn1:Parameter Name="search_scope" Value="SUBTREE_SCOPE"/>
                                    <urn1:Parameter Name="memberof_nested_group" Value="false"/>
                                </urn1:AttributeSource>
                                <urn1:TokenAuthorizationIssuanceCriteria xmlns:urn1="urn:sourceid.org:saml2:metadata-extension:v2"/>
                            </urn:AttributeMapping>
                        </urn:AstAction>
                    </urn:AstChild>
                </urn:AstChild>
                <urn:AstChild context="MFA">
                    <urn:AstAction noOpType="CONTINUE" xsi:type="urn:NoOpActionType" xmlns:xsi="http://www.w3.org/2001/XMLSchema-instance"/>
                </urn:AstChild>
            </urn:AstRoot>
        </urn:AuthnSelectionTree>
    </urn:AuthnSelectionTrees>
    <urn:DefaultAuthnSources>
        <urn:AuthnSourceKey type="ADAPTER">PaQuickStartHtmlForm</urn:AuthnSourceKey>
    </urn:DefaultAuthnSources>
</urn:AuthnSelectionConfig>