<?xml version="1.0" encoding="UTF-8"?>
<SoapAuth xmlns="http://www.sourceid.org/2004/04/soapauth">
    <Incoming>
        <X509Cert providerID="(SP) ::: evaluation2" disableCertChainValidation="false">
            <alias>mr5ekxode5zqdo33u93beg882</alias>
        </X509Cert>
        <X509Cert providerID="(SP) ::: evaluation" disableCertChainValidation="false">
            <alias>qwae0ka6e1oiywrl1vznrf5fn</alias>
        </X509Cert>
    </Incoming>
    <Outgoing>
        <X509Cert providerID="(IDP) ::: evaluation" disableCertChainValidation="false">
            <alias>byxrbzses79xnvk7qvl9w8s2o</alias>
        </X509Cert>
    </Outgoing>
</SoapAuth>