<?xml version="1.0" encoding="UTF-8"?>
<urn:AdapterConfiguration authnCtxClassRef="" isInheritAttributeSettings="false" isInheritAttributeMapping="false" maskOgnlValues="false" uniqueUserKeyField="SIDs" isInheritExtendedContractAttributes="false" name="kerb" xmlns:urn="urn:sourceid.org:saml2:adapter:conf">
    <urn:Fields>
        <urn:Field name="Domain/Realm Name">KERB-2CC14562F1C26E758E0AC2E55818E1E9251E7F4B</urn:Field>
        <urn:Field name="Error URL Redirect"/>
        <urn:Field name="Error Template">false</urn:Field>
        <urn:Field name="Authentication Context Value"/>
    </urn:Fields>
    <urn:AdvancedFields>
        <urn:Field name="Error Template">false</urn:Field>
        <urn:Field name="Authentication Context Value"/>
    </urn:AdvancedFields>
    <urn:Tables/>
    <urn:ExtendedContractAttributes>
        <urn:AttributeName>email</urn:AttributeName>
    </urn:ExtendedContractAttributes>
    <urn:UniqueKeyField>Username</urn:UniqueKeyField>
    <urn:AttributeMapping>
        <urn1:AttributeMap Name="Domain/Realm Name" Type="Adapter" Value="Domain/Realm Name" xmlns:urn1="urn:sourceid.org:saml2:metadata-extension:v2"/>
        <urn1:AttributeMap Name="SIDs" Type="Adapter" Value="SIDs" xmlns:urn1="urn:sourceid.org:saml2:metadata-extension:v2"/>
        <urn1:AttributeMap Name="Username" Type="Adapter" Value="Username" xmlns:urn1="urn:sourceid.org:saml2:metadata-extension:v2"/>
        <urn1:AttributeMap Name="email" Type="Adapter" Value="email" xmlns:urn1="urn:sourceid.org:saml2:metadata-extension:v2"/>
        <urn1:AttributeSource Id="AD" Description="PlilnkkoAD" Type="LDAP" DataSourceId="LDAP-2BCBE93812F6E0D46BD3052E63F557E7309EF1BF" xmlns:urn1="urn:sourceid.org:saml2:metadata-extension:v2">
            <urn1:Parameter Name="filter" Value="samAccountnamee=${Username}"/>
            <urn1:Parameter Name="search_base" Value="dc=plinkko, dc=com"/>
            <urn1:Parameter Name="search_scope" Value="SUBTREE_SCOPE"/>
            <urn1:Parameter Name="memberof_nested_group" Value="false"/>
        </urn1:AttributeSource>
        <urn1:TokenAuthorizationIssuanceCriteria xmlns:urn1="urn:sourceid.org:saml2:metadata-extension:v2"/>
    </urn:AttributeMapping>
</urn:AdapterConfiguration>